<?xml version="1.0" encoding="UTF-8"?>
<project-private xmlns="http://www.netbeans.org/ns/project-private/1">
    <editor-bookmarks xmlns="http://www.netbeans.org/ns/editor-bookmarks/2" lastBookmarkId="0"/>
    <open-files xmlns="http://www.netbeans.org/ns/projectui-open-files/2">
        <group>
            <file>file:/C:/Users/Lenovo/Documents/NetBeansProjects/120012040_Fuzel_Ahamed_Shaik/web/contact.html</file>
            <file>file:/C:/Users/Lenovo/Documents/NetBeansProjects/120012040_Fuzel_Ahamed_Shaik/web/search.jsp</file>
            <file>file:/C:/Users/Lenovo/Documents/NetBeansProjects/120012040_Fuzel_Ahamed_Shaik/src/java/database/EmployeeDao.java</file>
            <file>file:/C:/Users/Lenovo/Documents/NetBeansProjects/120012040_Fuzel_Ahamed_Shaik/web/feedback.html</file>
            <file>file:/C:/Users/Lenovo/Documents/NetBeansProjects/120012040_Fuzel_Ahamed_Shaik/web/help.html</file>
            <file>file:/C:/Users/Lenovo/Documents/NetBeansProjects/120012040_Fuzel_Ahamed_Shaik/web/data.jsp</file>
            <file>file:/C:/Users/Lenovo/Documents/NetBeansProjects/120012040_Fuzel_Ahamed_Shaik/web/home.html</file>
        </group>
    </open-files>
</project-private>
